,cough,fever,altered_consciousness,diarrhoea,fatigue,headache,joint_pain,loss_of_appetite,muscle_ache,nausea,nose_bleed,rash,runny_nose,seizures,sneezing,sore_throat,vomiting,other_symptoms,loss_of_smell_or_taste
0,-0.38844615,-0.91204727,-3.6969504,-3.0219214,-1.6830653,-0.42263004,-1.5939943,-2.4625103,-1.1319612,-2.8188376,-3.663159,-3.9696553,-0.66736007,-4.084851,-0.4590805,-0.58925086,-3.327164,-0.7131242,-0.11356544
1,10.917392,10.883915,11.258474,11.327505,11.345805,10.17304,10.866459,11.426436,10.5886345,11.770173,12.029201,10.867878,9.155959,11.269306,8.980063,9.640259,11.924032,10.236224,10.2000675
