,cough,fever,altered_consciousness,diarrhoea,fatigue,headache,joint_pain,loss_of_appetite,muscle_ache,nausea,nose_bleed,rash,runny_nose,seizures,sneezing,sore_throat,vomiting,other_symptoms,loss_of_smell_or_taste
0,8.035627,8.157796,10.191353,9.701419,7.7709928,-4.3468604,-4.8840194,9.439689,-4.991931,7.1476903,6.9768996,6.987309,1.2020367,10.29899,1.3810575,-4.4111924,6.7621984,7.942433,9.510344
1,2.2729633,2.4200041,-1.6706935,-1.269442,1.7620636,6.4151993,6.907896,-1.1629839,7.019535,-0.6275195,-1.1108544,-1.1485256,4.399657,-1.7706556,4.220382,6.4836,-0.49804643,1.6180673,-0.82568276
