,cough,fever,altered_consciousness,diarrhoea,fatigue,headache,joint_pain,loss_of_appetite,muscle_ache,nausea,nose_bleed,rash,runny_nose,seizures,sneezing,sore_throat,vomiting,other_symptoms,loss_of_smell_or_taste
0,13.366734,13.639771,11.916576,11.696285,13.06358,13.531837,14.086061,12.37127,13.617684,11.287511,10.6339445,10.839563,14.139142,11.223407,13.770258,14.010654,11.622188,13.173578,12.573704
1,9.469548,9.444828,9.957624,9.268245,8.522634,7.6737323,8.115622,9.198994,8.174144,8.677014,9.173166,9.559912,7.2259536,10.001612,7.1038694,7.526877,8.820786,8.989596,8.78694
