,cough,fever,altered_consciousness,diarrhoea,fatigue,headache,joint_pain,loss_of_appetite,muscle_ache,nausea,nose_bleed,rash,runny_nose,seizures,sneezing,sore_throat,vomiting,other_symptoms,loss_of_smell_or_taste
0,-3.3106267,-3.1260939,0.15684445,0.020434462,-2.098789,-1.1005543,-2.336713,-0.6172423,-2.147166,-0.25385338,0.69922835,0.6413776,-0.52207816,0.2401167,-0.8222836,-1.2870145,-0.062922925,-1.6129869,-1.6524527
1,4.884121,4.7069077,-0.2676525,1.0178118,1.8963834,2.2802513,2.4601352,0.99005306,2.924303,0.57444686,-0.41850495,-0.08341334,3.290715,-0.501871,2.9941206,3.09467,0.18302588,2.4551344,2.0063682
