,cough,fever,altered_consciousness,diarrhoea,fatigue,headache,joint_pain,loss_of_appetite,muscle_ache,nausea,nose_bleed,rash,runny_nose,seizures,sneezing,sore_throat,vomiting,other_symptoms,loss_of_smell_or_taste
0,-15.025526,-14.891313,-2.4452274,-2.8045635,-2.8473833,17.329376,6.123169,-2.5416415,6.2185817,-2.4938731,-2.3484697,-2.9979408,14.442042,-2.183618,14.276289,17.267637,-2.7619128,-2.9842677,17.423828
1,-7.565311,-7.4311857,5.618453,3.191978,3.8035278,-11.785427,6.5151634,3.6154435,6.61067,5.1320267,5.8291755,2.8825305,7.4298673,5.961482,7.595517,-11.847132,5.1183686,3.9042938,-11.690937
