,cough,fever,altered_consciousness,diarrhoea,fatigue,headache,joint_pain,loss_of_appetite,muscle_ache,nausea,nose_bleed,rash,runny_nose,seizures,sneezing,sore_throat,vomiting,other_symptoms,loss_of_smell_or_taste
0,6.864142,6.4567657,7.029591,7.1665554,6.032514,5.4180903,4.9377465,6.8436513,4.9448657,7.47247,7.3089895,7.378349,6.9708586,6.843504,7.2721186,6.2109804,7.400705,6.2425346,5.4235845
1,5.8096466,6.3550406,9.119684,7.521389,7.202685,5.901413,6.8492904,7.8314943,6.464898,8.951056,9.357723,7.755516,5.4891167,8.783656,5.7111483,5.4502854,8.498056,6.869244,6.2283583
