,cough,fever,altered_consciousness,diarrhoea,fatigue,headache,joint_pain,loss_of_appetite,muscle_ache,nausea,nose_bleed,rash,runny_nose,seizures,sneezing,sore_throat,vomiting,other_symptoms,loss_of_smell_or_taste
0,9.437335,9.30067,7.264204,7.281797,8.056897,9.304901,8.29012,7.8258166,8.412019,7.566009,7.5618567,7.2280564,-1.1412163,6.9224873,-1.1979172,9.493314,7.3887663,9.164543,8.934111
1,17.774899,17.940884,12.635797,13.977644,15.337987,16.520302,15.99367,14.715688,15.894497,13.707467,12.42337,12.177577,4.979617,12.291335,5.0363646,16.752226,13.175967,16.630068,16.955915
