,cough,fever,altered_consciousness,diarrhoea,fatigue,headache,joint_pain,loss_of_appetite,muscle_ache,nausea,nose_bleed,rash,runny_nose,seizures,sneezing,sore_throat,vomiting,other_symptoms,loss_of_smell_or_taste
0,9.94618,10.391938,11.295863,13.135624,11.541121,10.7363205,11.172818,11.601796,11.451875,11.911407,12.086418,13.349408,-21.019623,11.295227,-21.228947,10.722534,12.274407,10.834364,10.159135
1,2.9711635,2.8450701,-2.499843,-1.8428298,0.22880185,2.9114134,0.6089994,-0.37646338,0.85696024,-1.642312,-1.9301115,-2.023166,26.842443,-2.5219452,27.05177,3.49476,-1.7174197,3.0447524,3.7795575
