,cough,fever,altered_consciousness,diarrhoea,fatigue,headache,joint_pain,loss_of_appetite,muscle_ache,nausea,nose_bleed,rash,runny_nose,seizures,sneezing,sore_throat,vomiting,other_symptoms,loss_of_smell_or_taste
0,7.9087,8.328681,11.130277,10.691277,9.221988,8.349579,9.163829,9.875381,8.73934,10.076974,10.62742,11.177281,7.273656,11.308015,7.4693036,7.88929,10.396964,8.688559,8.326062
1,6.146211,7.039101,4.428778,5.6332603,5.7954116,6.1274786,6.4699993,5.4145823,6.658312,4.7548637,4.7705307,5.4224353,4.6349735,4.692798,4.8503337,5.1600833,4.999863,6.058706,6.498794
