,fatigue,abdominal_pain,chest_pain,sore_throat,shortness_of_breath,skipped_meals,smell,unusual_muscle_pains,headache,hoarse_voice,delirium,diarrhoea,fever,persistent_cough
0,9.928907,7.7428694,9.99305,9.709916,10.426081,9.193128,8.056529,10.406816,9.518901,10.1490345,9.488474,9.20017,8.813736,9.9376335
1,0.17544639,10.896273,11.522579,8.867308,-0.44813415,1.5740678,11.028538,11.212855,8.54242,-0.09361035,1.3877217,11.192136,11.977509,10.962469
