,fatigue,abdominal_pain,chest_pain,sore_throat,shortness_of_breath,skipped_meals,unusual_muscle_pains,headache,hoarse_voice,delirium,diarrhoea,fever,persistent_cough,smell
0,5.6297255,7.1641164,8.233264,7.3098974,5.1733522,6.3387218,7.823477,7.478469,7.759538,5.60945,6.7525544,7.9416604,7.5261745,7.016231
1,2.7190096,3.9358118,3.5375526,1.9483806,2.9854214,3.183975,3.7476556,3.1106746,1.9369252,3.2390442,3.5622885,2.9365246,2.4647577,2.478566
