,cough,fever,altered_consciousness,diarrhoea,fatigue,headache,joint_pain,loss_of_appetite,muscle_ache,nausea,nose_bleed,rash,runny_nose,seizures,sneezing,sore_throat,vomiting,other_symptoms,loss_of_smell_or_taste
0,2.6813865,10.866849,12.668837,11.774261,11.016055,2.3212779,2.0570385,11.437552,2.1852415,12.475062,12.415594,12.885308,9.872721,12.493542,10.040418,2.187373,12.243648,2.5957558,11.74407
1,14.125331,3.8984222,7.606661,4.431882,4.2914357,13.936931,13.477866,4.9230504,13.617626,6.7253838,7.5702744,7.7379746,-6.607177,8.038796,-6.44111,14.270404,6.926587,13.93408,4.9887466
