,cough,fever,altered_consciousness,diarrhoea,fatigue,headache,joint_pain,loss_of_appetite,muscle_ache,nausea,nose_bleed,rash,runny_nose,seizures,sneezing,sore_throat,vomiting,other_symptoms,loss_of_smell_or_taste
0,5.54927,5.2211084,2.3849013,2.9076397,4.0838466,5.2561173,4.193314,3.5095155,4.8475676,3.1118183,2.6307642,2.2222843,5.766795,2.1555216,5.509342,5.334142,2.993628,4.8626804,4.546003
1,-0.41504607,-0.029471178,-0.40022495,-0.81429815,-0.86681104,-0.8569488,-0.22134958,-0.6839731,-0.069109805,-0.26351854,0.26851976,-0.68899614,-1.791908,-0.08883475,-1.6244569,-1.3253471,0.050623406,-0.576848,-1.060302
