,cough,fever,altered_consciousness,diarrhoea,fatigue,headache,joint_pain,loss_of_appetite,muscle_ache,nausea,nose_bleed,rash,runny_nose,seizures,sneezing,sore_throat,vomiting,other_symptoms,loss_of_smell_or_taste
0,4.577402,4.784993,8.961755,7.124968,6.319158,5.425576,0.37820464,6.7555094,0.18814723,8.869271,-11.966785,7.274081,-11.76863,8.799076,-11.678343,5.831996,8.724559,5.6127214,5.3536677
1,9.878072,9.729679,6.242736,8.9486475,9.341873,9.537556,1.783079,9.1682825,1.5929755,6.6693006,12.728773,8.7906685,12.530512,5.976074,12.440204,10.254459,6.9331846,9.519902,9.825011
