,cough,fever,altered_consciousness,diarrhoea,fatigue,headache,joint_pain,loss_of_appetite,muscle_ache,nausea,nose_bleed,rash,runny_nose,seizures,sneezing,sore_throat,vomiting,other_symptoms,loss_of_smell_or_taste
0,11.604915,5.9541144,4.7411823,4.6636844,5.519057,11.878584,6.317424,5.169648,6.136762,4.4818606,3.7567198,4.634364,-12.147645,4.4230623,-12.204462,11.772547,3.9369867,11.897838,12.157427
1,5.710599,6.771321,9.063004,8.315345,7.0615726,5.4255276,7.163868,7.409698,7.0045133,8.000701,7.756438,9.31714,16.870733,9.017382,16.927559,5.355024,7.878744,5.943778,5.5254045
