,cough,fever,altered_consciousness,diarrhoea,fatigue,headache,joint_pain,loss_of_appetite,muscle_ache,nausea,nose_bleed,rash,runny_nose,seizures,sneezing,sore_throat,vomiting,other_symptoms,loss_of_smell_or_taste
0,12.2720995,12.403831,9.589887,10.753098,12.396757,13.122153,13.21119,11.189076,12.843969,10.593867,9.734001,9.227023,13.1082945,9.253173,12.926783,13.2436905,10.333996,12.624074,11.615785
1,3.6770604,3.019169,1.6125201,1.8324594,2.6839025,4.209835,3.6617696,2.0343893,3.717162,1.3746485,2.098867,2.2267933,5.1719537,1.9249386,5.319313,4.6967607,1.6445984,4.341222,2.3794534
