,cough,fever,altered_consciousness,diarrhoea,fatigue,headache,joint_pain,loss_of_appetite,muscle_ache,nausea,nose_bleed,rash,runny_nose,seizures,sneezing,sore_throat,vomiting,other_symptoms,loss_of_smell_or_taste
0,8.059665,7.877348,11.421274,11.401397,9.57182,8.867666,9.74868,10.830478,9.515483,11.866238,10.426215,11.1260195,9.120763,11.661719,9.913677,8.73066,11.809185,8.926611,8.503992
1,6.1220045,6.6081953,4.7225657,5.995437,6.894712,7.6067195,7.515198,6.341652,7.5427003,6.0560026,6.0303097,6.324312,5.967617,4.9675813,6.077062,6.476408,5.667393,6.9612765,7.3744044
