,fatigue,abdominal_pain,chest_pain,sore_throat,shortness_of_breath,skipped_meals,smell,unusual_muscle_pains,headache,hoarse_voice,delirium,diarrhoea,fever,persistent_cough
0,20.186136,14.695026,14.357548,12.831493,20.251768,16.402859,13.771819,14.123268,14.134849,12.59187,20.641754,16.157223,14.689291,14.300285
1,2.1134584,2.850988,3.2225633,4.5791507,1.7236176,4.2659307,2.0701978,2.8377547,2.377489,4.861733,1.9946146,4.66579,2.2077446,1.9320606
