,fatigue,abdominal_pain,chest_pain,sore_throat,shortness_of_breath,skipped_meals,smell,unusual_muscle_pains,headache,hoarse_voice,delirium,diarrhoea,fever,persistent_cough
0,11.959718,10.366511,11.987515,8.886269,12.464977,9.692424,10.874075,11.298959,9.243787,8.190084,12.488415,10.001808,9.010145,8.338362
1,-9.459831,-11.424322,-10.489643,-11.209215,-10.025182,-10.320403,-11.136153,-10.829553,-10.763647,-11.183332,-9.581032,-11.244762,-10.347094,-10.974236
