,fatigue,abdominal_pain,chest_pain,sore_throat,shortness_of_breath,skipped_meals,smell,unusual_muscle_pains,headache,hoarse_voice,delirium,diarrhoea,fever,persistent_cough
0,12.247309,-3.265183,-3.0192187,-3.7866144,11.893403,-4.8017397,-2.544544,-2.8496995,-3.944045,-3.5150392,12.40074,-3.507133,-4.413291,-3.9829283
1,12.706722,8.256472,9.329559,6.356063,12.35283,6.8866606,9.034254,8.851579,7.052923,5.937157,12.860041,8.436981,7.056108,5.9446464
