,fatigue,abdominal_pain,chest_pain,sore_throat,shortness_of_breath,skipped_meals,smell,unusual_muscle_pains,headache,hoarse_voice,delirium,diarrhoea,fever,persistent_cough
0,4.095123,5.6438823,5.6442704,7.1868896,4.3182564,4.9629974,6.590695,5.280235,6.366944,7.4303794,4.325573,5.3304095,5.897336,6.786397
1,9.262813,10.473851,8.534484,9.497147,8.81883,9.903383,9.516326,9.23791,8.603956,9.052909,9.564073,10.617972,9.061023,8.759944
