,fatigue,abdominal_pain,chest_pain,sore_throat,shortness_of_breath,skipped_meals,smell,unusual_muscle_pains,headache,hoarse_voice,delirium,diarrhoea,fever,persistent_cough
0,15.406907,14.27487,10.871601,11.3888035,15.786973,12.373638,10.586614,14.085054,10.263399,11.6524315,15.528755,12.695614,11.525504,10.540011
1,-7.5748334,-6.4002085,-2.8401618,-4.3857284,-7.678053,-1.9747448,-2.3040383,-6.2339363,-2.7369676,-4.6640925,-8.083451,-2.105168,-3.195934,-3.135397
