,fatigue,abdominal_pain,chest_pain,sore_throat,shortness_of_breath,skipped_meals,smell,unusual_muscle_pains,headache,hoarse_voice,delirium,diarrhoea,fever,persistent_cough
0,5.449599,5.325126,4.5153885,3.7249968,5.687057,4.8929853,3.444712,3.753398,3.8561516,3.5529552,5.8934436,5.0489388,4.251335,4.1431265
1,6.944652,5.4220247,5.130877,4.9367495,7.2738814,6.576127,5.807791,6.580612,5.4961033,4.57926,6.832938,5.8369565,6.372798,5.7181315
