,cough,fever,altered_consciousness,diarrhoea,fatigue,headache,joint_pain,loss_of_appetite,muscle_ache,nausea,nose_bleed,rash,runny_nose,seizures,sneezing,sore_throat,vomiting,other_symptoms,loss_of_smell_or_taste
0,1.1802362,1.5172623,1.84565,0.8442465,0.27482986,0.33457673,0.8702687,1.4130402,0.6121101,1.4634174,1.1661041,0.7689861,-0.233595,1.6172526,-0.36484435,0.12436183,1.129894,0.6457301,0.8190539
1,6.3483963,6.1027856,2.738192,3.4051085,4.9416223,5.7917056,5.7171764,3.77541,5.4561973,3.2878284,2.242777,2.4216578,5.9636292,2.345885,5.7691927,6.0233545,3.0451527,5.083444,4.5156918
