,cough,fever,altered_consciousness,diarrhoea,fatigue,headache,joint_pain,loss_of_appetite,muscle_ache,nausea,nose_bleed,rash,runny_nose,seizures,sneezing,sore_throat,vomiting,other_symptoms,loss_of_smell_or_taste
0,11.142616,10.90975,7.0628204,7.348352,11.365935,11.398707,11.472905,6.9795003,11.283045,7.5122466,7.492555,7.7102723,-10.283795,6.9590273,-10.074466,11.515871,7.7732882,11.158417,11.731944
1,9.233863,9.307459,7.6810164,6.8805075,8.665995,7.208963,7.953211,6.7961297,7.72276,6.0501966,5.764456,5.572354,11.130784,7.8556123,10.921459,7.0631433,6.199625,8.662963,7.3576384
